{
  "title": "The incident has been successfully sent.",
  "visibility": "All",
  "expiry": 4070908800000,
  "isAnonymous": false,
  "isResponseAppended": true,
  "isLocationRequested": true,
  "questions": [
    {
        "title": "Name of reporting person",
        "type": "Text"
    },
    {
        "title": "Reporting person check number or port pass Number",
        "type": "Text"
    },
    {
        "title": "Type of Incident",
        "type": "SingleSelect",
        "options": [{
            "title" : "Hazard"
          },
          {
            "title" : "Near Miss"
          },
          {
            "title" : "Injury"
          },
          {
            "title" : "Property damage"
          },
          {
            "title" : "Machinery"
          },
          {
            "title" : "Traffic"
          },
          {
            "title" : "Dangerous cargo"
          },
          {
            "title" : "Environmental"
          },
          {
            "title" : "Fire"
          }
        ]
    },
    {
        "title": "Specific location",
        "type": "SingleSelect",
        "options": [{
                "title": "port 001"
            },
            {
                "title": "port 002"
            },
            {
                "title": "port 003"
            },
            {
                "title": "port 004"
            }
        ]
    },
    {
        "title": "Brief Summary of Incident",
        "type": "Text"
    },
    {
        "title": "Attachment",
        "type": "Image"
    },
    {
        "title": "Name",
        "type": "Text"
    },
    {
        "title": "Phone",
        "type": "Text"
    },
    {
      "title": "Location",
      "type": "Location"
    },
    {
      "title": "Response Time",
      "type": "DateTime"
    }
]
}