{"SchemaVersion":1,"TemplateType":3,"CardTemplateId":"com.eugenegregs.testingjtl11.2","BaseCardTemplateId":"com.eugenegregs.testingjtl11","BaseCardTemplateVersion":2,"CardTemplateMinorVersion":1,"Name":"JTL Ticketing","Icon":"support03.png","Description":"Creating a generic ticketing system","ActionClassifications":"default","CardDataFile":"AppModel.json_processed","VisibleInDrawer":true,"IsLocalised":0,"IsPinned":0,"IsInFocus":0,"ForTesting":0,"IsSearchable":0,"ActionScope":"Group","ConversationSelectionType":"UserSelected","ThankYouMessageLabel":"Thanks for filling your complaint. We will keep you updated about the status of your complaint.","ActionForwardPolicy":0,"Views":[{"ChatCanvasCardView":{"ShowResponseCount":1,"ViewType":"Html","ShowExpiry":1,"LabelResponded":"Complaint Submited, Please wait for response","ContentSubTextField":"Expiry","LabelResponseSending":"Details Submitting","LabelResponseFailed":"Details Submission failed","ResponseQuestionId":-1,"ShowHeader":1,"ShowFooter":1,"IsResponseEditable":0,"ShowComments":0,"ShowReceipts":1,"ShowLikes":0}},{"CreationView":{"ShowNativeToolbar":0,"ViewType":"Html","BackDialogVisibility":1,"BackDialogTitle":"Complaint Card","BackDialogDescription":"Are you sure you want to discard your response?","View":"Response.html","iosView":"Response.html"}},{"DiscoverView":{"Icon":"support03.png","ShowDrawerTryApp":1,"ShowDrawerPinUnpin":1}}]}