{
	"strProgressTextLabel": "{0} of {1}",
	"strMiniAppSendLabel": "Submit",
	"strMiniAppTitle": "Fill in incident details",
	"strTapToEnter": "Tap to enter",
	"strSelect": "Select",
	"selectDate": "Select date",
	"strNumberOnly": "(Number Only)",
	"strMiniAppAnonymousLocationLabel": "Only your pincode and district information will be shared as part of this response",
	"strMiniAppLocationLabel": "Your location will be shared as part of this response",
	"strNoLocationAlertLabel": "Location not found. Please ensure that you have turned on location services and provided Kaizala the location permission. Tap on refresh below to try fetching location again",
	"strMiniAppLoadingLabel": "Please wait while we are trying to fetch your location",
	"strNoLocationLabel": "Due to poor network connectivity, your location could not be fetched",
	"strMiniAppLocationNetworkWarningLabel": "",
	"strRefreshLabel": "REFRESH",
	"strAttachedImages" : "IMAAGES",
	"strAttachedDocuments" : "DOCUMENTS",
	"errnan" : "Only Numeric values allowed",
	"errinteger" : "Only integer values allowed",
	"errmaxValue" : "Max allowed value : {0}",
	"errmaxLength" : "Max allowed length : {0}",
	"errminValue" : "Min allowed value : {0}",
	"errminLength" : "Min allowed length : {0}",
	"errfixedLength" : "Allowed length : {0}",
	"errfixedValue" : "Invalid Value",
	"erremail" : "Invalid Email",
	"erralphabetNotAllowed" : "Alphabets not allowed",
	"errnumNotAllowed" : "Numbers not allowed",
	"errspecialCharNotAllowed" : "Special Characters not allowed",
	"errlowerCaseNotAllowed" : "Lowercase not allowed",
	"errupperCaseNotAllowed" : "Uppercase not allowed",
	"errregularExp" : "Invalid Input",
	"errregularExpEnd" : "Invalid Input",
	"errUnknown" : "Unknown Error"
}